Device;Address;Delay;Cmd;LinkedDevice;LinkedAddress;LinkedDelay;LinkedCmd;CLMAddress;Protocol;
L1;172.25.0.101;100;L1|SetCodeStatus|26N00001CGUMZYCB00001SKAKI64P2GJ8NYWOQ3UZVOCRQM3M4QIH5TP2I0IA69P4RAO55PNITZSMJE7CGXWFJ7LBXO77HNTGPJVQ4HZCASFYBQC8FPNRILFUBM962GGR81L5TSPGGVKMGCHF00001|(TID)1|(SI)NA|(MRG)2631600001|@;;;0;;172.25.0.100;UDP
L1;172.25.0.101;100;L1|SetCodeStatus|26N00001CGUMZYCB00002SKAKI64P2GJ8NYWOQ3UZVOCRQM3M4QIH5TP2I0IA69P4RAO55PNITZSMJE7CGXWFJ7LBXO77HNTGPJVQ4HZCASFYBQC8FPNRILFUBM962GGR81L5TSPGGVKMGCHF00002|(TID)2|(SI)NA|(MRG)2631600002|@;;;0;;172.25.0.100;UDP
L1;172.25.0.101;100;L1|SetCodeStatus|26N00001CGUMZYCB00003SKAKI64P2GJ8NYWOQ3UZVOCRQM3M4QIH5TP2I0IA69P4RAO55PNITZSMJE7CGXWFJ7LBXO77HNTGPJVQ4HZCASFYBQC8FPNRILFUBM962GGR81L5TSPGGVKMGCHF00003|(TID)3|(SI)NA|(MRG)2631600003|@;;;0;;172.25.0.100;UDP
L1;172.25.0.101;100;L1|SetCodeStatus|26N00001CGUMZYCB00004SKAKI64P2GJ8NYWOQ3UZVOCRQM3M4QIH5TP2I0IA69P4RAO55PNITZSMJE7CGXWFJ7LBXO77HNTGPJVQ4HZCASFYBQC8FPNRILFUBM962GGR81L5TSPGGVKMGCHF00004|(TID)4|(SI)NA|(MRG)2631600004|@;;;0;;172.25.0.100;UDP
L1;172.25.0.101;100;L1|SetCodeStatus|26N00001CGUMZYCB00005SKAKI64P2GJ8NYWOQ3UZVOCRQM3M4QIH5TP2I0IA69P4RAO55PNITZSMJE7CGXWFJ7LBXO77HNTGPJVQ4HZCASFYBQC8FPNRILFUBM962GGR81L5TSPGGVKMGCHF00005|(TID)5|(SI)NA|(MRG)2631600005|@;;;0;;172.25.0.100;TCP
L1;172.25.0.101;100;L1|SetCodeStatus|26N00001CGUMZYCB00006SKAKI64P2GJ8NYWOQ3UZVOCRQM3M4QIH5TP2I0IA69P4RAO55PNITZSMJE7CGXWFJ7LBXO77HNTGPJVQ4HZCASFYBQC8FPNRILFUBM962GGR81L5TSPGGVKMGCHF00006|(TID)6|(SI)NA|(MRG)2631600006|@;;;0;;172.25.0.100;UDP
MODBUS;172.25.0.101;100;L1|SetCodeStatus|26N00001CGUMZYCB00007SKAKI64P2GJ8NYWOQ3UZVOCRQM3M4QIH5TP2I0IA69P4RAO55PNITZSMJE7CGXWFJ7LBXO77HNTGPJVQ4HZCASFYBQC8FPNRILFUBM962GGR81L5TSPGGVKMGCHF00007|(TID)7|(SI)NA|(MRG)2631600007|@;;;0;;172.25.0.100;TCP
L1;172.25.0.101;100;L1|SetCodeStatus|26N00001CGUMZYCB00008SKAKI64P2GJ8NYWOQ3UZVOCRQM3M4QIH5TP2I0IA69P4RAO55PNITZSMJE7CGXWFJ7LBXO77HNTGPJVQ4HZCASFYBQC8FPNRILFUBM962GGR81L5TSPGGVKMGCHF00008|(TID)8|(SI)NA|(MRG)2631600008|@;;;0;;172.25.0.100;UDP
L1;172.25.0.101;100;L1|SetCodeStatus|26N00001CGUMZYCB00009SKAKI64P2GJ8NYWOQ3UZVOCRQM3M4QIH5TP2I0IA69P4RAO55PNITZSMJE7CGXWFJ7LBXO77HNTGPJVQ4HZCASFYBQC8FPNRILFUBM962GGR81L5TSPGGVKMGCHF00009|(TID)9|(SI)NA|(MRG)2631600009|@;;;0;;172.25.0.100;UDP
L1;172.25.0.101;100;L1|SetCodeStatus|26N00001CGUMZYCB00010SKAKI64P2GJ8NYWOQ3UZVOCRQM3M4QIH5TP2I0IA69P4RAO55PNITZSMJE7CGXWFJ7LBXO77HNTGPJVQ4HZCASFYBQC8FPNRILFUBM962GGR81L5TSPGGVKMGCHF00010|(TID)10|(SI)NA|(MRG)2631600010|@;;;0;;172.25.0.100;UDP
L1;172.25.0.101;100;L1|SetCodeStatus|26N00001CGUMZYCB00011SKAKI64P2GJ8NYWOQ3UZVOCRQM3M4QIH5TP2I0IA69P4RAO55PNITZSMJE7CGXWFJ7LBXO77HNTGPJVQ4HZCASFYBQC8FPNRILFUBM962GGR81L5TSPGGVKMGCHF00011|(TID)11|(SI)NA|(MRG)2631600011|@;;;0;;172.25.0.100;UDP
L1;172.25.0.101;100;L1|SetCodeStatus|26N00001CGUMZYCB00013SKAKI64P2GJ8NYWOQ3UZVOCRQM3M4QIH5TP2I0IA69P4RAO55PNITZSMJE7CGXWFJ7LBXO77HNTGPJVQ4HZCASFYBQC8FPNRILFUBM962GGR81L5TSPGGVKMGCHF00013|(TID)13|(SI)NA|(MRG)2631600013|@;;;0;;172.25.0.100;UDP
L1;172.25.0.101;100;L1|SetCodeStatus|26N00001CGUMZYCB00014SKAKI64P2GJ8NYWOQ3UZVOCRQM3M4QIH5TP2I0IA69P4RAO55PNITZSMJE7CGXWFJ7LBXO77HNTGPJVQ4HZCASFYBQC8FPNRILFUBM962GGR81L5TSPGGVKMGCHF00014|(TID)14|(SI)NA|(MRG)2631600014|@;;;0;;172.25.0.100;TCP
L1;172.25.0.101;100;L1|SetCodeStatus|26N00001CGUMZYCB00015SKAKI64P2GJ8NYWOQ3UZVOCRQM3M4QIH5TP2I0IA69P4RAO55PNITZSMJE7CGXWFJ7LBXO77HNTGPJVQ4HZCASFYBQC8FPNRILFUBM962GGR81L5TSPGGVKMGCHF00015|(TID)15|(SI)NA|(MRG)2631600015|@;;;0;;172.25.0.100;UDP
L1;172.25.0.101;100;L1|SetCodeStatus|26N00001CGUMZYCB00016SKAKI64P2GJ8NYWOQ3UZVOCRQM3M4QIH5TP2I0IA69P4RAO55PNITZSMJE7CGXWFJ7LBXO77HNTGPJVQ4HZCASFYBQC8FPNRILFUBM962GGR81L5TSPGGVKMGCHF00016|(TID)16|(SI)NA|(MRG)2631600016|@;;;0;;172.25.0.100;TCP
L1;172.25.0.101;100;L1|SetCodeStatus|26N00001CGUMZYCB00017SKAKI64P2GJ8NYWOQ3UZVOCRQM3M4QIH5TP2I0IA69P4RAO55PNITZSMJE7CGXWFJ7LBXO77HNTGPJVQ4HZCASFYBQC8FPNRILFUBM962GGR81L5TSPGGVKMGCHF00017|(TID)17|(SI)NA|(MRG)2631600017|@;;;0;;172.25.0.100;UDP
L1;172.25.0.101;100;L1|SetCodeStatus|26N00001CGUMZYCB00018SKAKI64P2GJ8NYWOQ3UZVOCRQM3M4QIH5TP2I0IA69P4RAO55PNITZSMJE7CGXWFJ7LBXO77HNTGPJVQ4HZCASFYBQC8FPNRILFUBM962GGR81L5TSPGGVKMGCHF00018|(TID)18|(SI)NA|(MRG)2631600018|@;;;0;;172.25.0.100;UDP
L1;172.25.0.101;100;L1|SetCodeStatus|26N00001CGUMZYCB00019SKAKI64P2GJ8NYWOQ3UZVOCRQM3M4QIH5TP2I0IA69P4RAO55PNITZSMJE7CGXWFJ7LBXO77HNTGPJVQ4HZCASFYBQC8FPNRILFUBM962GGR81L5TSPGGVKMGCHF00019|(TID)19|(SI)NA|(MRG)2631600019|@;;;0;;172.25.0.100;UDP
L1;172.25.0.101;100;L1|SetCodeStatus|26N00001CGUMZYCB00020SKAKI64P2GJ8NYWOQ3UZVOCRQM3M4QIH5TP2I0IA69P4RAO55PNITZSMJE7CGXWFJ7LBXO77HNTGPJVQ4HZCASFYBQC8FPNRILFUBM962GGR81L5TSPGGVKMGCHF00020|(TID)20|(SI)NA|(MRG)2631600020|@;;;0;;172.25.0.100;UDP
L1;172.25.0.101;100;L1|SetCodeStatus|26N00001CGUMZYCB00021SKAKI64P2GJ8NYWOQ3UZVOCRQM3M4QIH5TP2I0IA69P4RAO55PNITZSMJE7CGXWFJ7LBXO77HNTGPJVQ4HZCASFYBQC8FPNRILFUBM962GGR81L5TSPGGVKMGCHF00021|(TID)21|(SI)NA|(MRG)2631600021|@;;;0;;172.25.0.100;UDP
MODBUS;172.25.0.101;100;L1|SetCodeStatus|26N00001CGUMZYCB00022SKAKI64P2GJ8NYWOQ3UZVOCRQM3M4QIH5TP2I0IA69P4RAO55PNITZSMJE7CGXWFJ7LBXO77HNTGPJVQ4HZCASFYBQC8FPNRILFUBM962GGR81L5TSPGGVKMGCHF00022|(TID)22|(SI)NA|(MRG)2631600022|@;;;0;;172.25.0.100;UDP
L1;172.25.0.101;100;L1|SetCodeStatus|26N00001CGUMZYCB00023SKAKI64P2GJ8NYWOQ3UZVOCRQM3M4QIH5TP2I0IA69P4RAO55PNITZSMJE7CGXWFJ7LBXO77HNTGPJVQ4HZCASFYBQC8FPNRILFUBM962GGR81L5TSPGGVKMGCHF00023|(TID)23|(SI)NA|(MRG)2631600023|@;;;0;;172.25.0.100;UDP
L1;172.25.0.101;100;L1|SetCodeStatus|26N00001CGUMZYCB00024SKAKI64P2GJ8NYWOQ3UZVOCRQM3M4QIH5TP2I0IA69P4RAO55PNITZSMJE7CGXWFJ7LBXO77HNTGPJVQ4HZCASFYBQC8FPNRILFUBM962GGR81L5TSPGGVKMGCHF00024|(TID)24|(SI)NA|(MRG)2631600024|@;;;0;;172.25.0.100;UDP
L1;172.25.0.101;100;L1|SetCodeStatus|26N00001CGUMZYCB00025SKAKI64P2GJ8NYWOQ3UZVOCRQM3M4QIH5TP2I0IA69P4RAO55PNITZSMJE7CGXWFJ7LBXO77HNTGPJVQ4HZCASFYBQC8FPNRILFUBM962GGR81L5TSPGGVKMGCHF00025|(TID)25|(SI)NA|(MRG)2631600025|@;;;0;;172.25.0.100;UDP
L1;172.25.0.101;100;L1|SetCodeStatus|26N00001CGUMZYCB00026SKAKI64P2GJ8NYWOQ3UZVOCRQM3M4QIH5TP2I0IA69P4RAO55PNITZSMJE7CGXWFJ7LBXO77HNTGPJVQ4HZCASFYBQC8FPNRILFUBM962GGR81L5TSPGGVKMGCHF00026|(TID)26|(SI)NA|(MRG)2631600026|@;;;0;;172.25.0.100;UDP
L1;172.25.0.101;100;L1|SetCodeStatus|26N00001CGUMZYCB00027SKAKI64P2GJ8NYWOQ3UZVOCRQM3M4QIH5TP2I0IA69P4RAO55PNITZSMJE7CGXWFJ7LBXO77HNTGPJVQ4HZCASFYBQC8FPNRILFUBM962GGR81L5TSPGGVKMGCHF00027|(TID)27|(SI)NA|(MRG)2631600027|@;;;0;;172.25.0.100;UDP
L1;172.25.0.101;100;L1|SetCodeStatus|26N00001CGUMZYCB00028SKAKI64P2GJ8NYWOQ3UZVOCRQM3M4QIH5TP2I0IA69P4RAO55PNITZSMJE7CGXWFJ7LBXO77HNTGPJVQ4HZCASFYBQC8FPNRILFUBM962GGR81L5TSPGGVKMGCHF00028|(TID)28|(SI)NA|(MRG)2631600028|@;;;0;;172.25.0.100;UDP
L1;172.25.0.101;100;L1|SetCodeStatus|26N00001CGUMZYCB00029SKAKI64P2GJ8NYWOQ3UZVOCRQM3M4QIH5TP2I0IA69P4RAO55PNITZSMJE7CGXWFJ7LBXO77HNTGPJVQ4HZCASFYBQC8FPNRILFUBM962GGR81L5TSPGGVKMGCHF00029|(TID)29|(SI)NA|(MRG)2631600029|@;;;0;;172.25.0.100;UDP
L1;172.25.0.101;100;L1|SetCodeStatus|26N00001CGUMZYCB00030SKAKI64P2GJ8NYWOQ3UZVOCRQM3M4QIH5TP2I0IA69P4RAO55PNITZSMJE7CGXWFJ7LBXO77HNTGPJVQ4HZCASFYBQC8FPNRILFUBM962GGR81L5TSPGGVKMGCHF00030|(TID)30|(SI)NA|(MRG)2631600030|@;;;0;;172.25.0.100;UDP
L1;172.25.0.101;100;L1|SetCodeStatus|26N00001CGUMZYCB00031SKAKI64P2GJ8NYWOQ3UZVOCRQM3M4QIH5TP2I0IA69P4RAO55PNITZSMJE7CGXWFJ7LBXO77HNTGPJVQ4HZCASFYBQC8FPNRILFUBM962GGR81L5TSPGGVKMGCHF00031|(TID)31|(SI)NA|(MRG)2631600031|@;;;0;;172.25.0.100;UDP
L1;172.25.0.101;100;L1|SetCodeStatus|26N00001CGUMZYCB00032SKAKI64P2GJ8NYWOQ3UZVOCRQM3M4QIH5TP2I0IA69P4RAO55PNITZSMJE7CGXWFJ7LBXO77HNTGPJVQ4HZCASFYBQC8FPNRILFUBM962GGR81L5TSPGGVKMGCHF00032|(TID)32|(SI)NA|(MRG)2631600032|@;;;0;;172.25.0.100;UDP
L1;172.25.0.101;100;L1|SetCodeStatus|26N00001CGUMZYCB00033SKAKI64P2GJ8NYWOQ3UZVOCRQM3M4QIH5TP2I0IA69P4RAO55PNITZSMJE7CGXWFJ7LBXO77HNTGPJVQ4HZCASFYBQC8FPNRILFUBM962GGR81L5TSPGGVKMGCHF00033|(TID)33|(SI)NA|(MRG)2631600033|@;;;0;;172.25.0.100;UDP
L1;172.25.0.101;100;L1|SetCodeStatus|26N00001CGUMZYCB00034SKAKI64P2GJ8NYWOQ3UZVOCRQM3M4QIH5TP2I0IA69P4RAO55PNITZSMJE7CGXWFJ7LBXO77HNTGPJVQ4HZCASFYBQC8FPNRILFUBM962GGR81L5TSPGGVKMGCHF00034|(TID)34|(SI)NA|(MRG)2631600034|@;;;0;;172.25.0.100;UDP
L1;172.25.0.101;100;L1|SetCodeStatus|26N00001CGUMZYCB00035SKAKI64P2GJ8NYWOQ3UZVOCRQM3M4QIH5TP2I0IA69P4RAO55PNITZSMJE7CGXWFJ7LBXO77HNTGPJVQ4HZCASFYBQC8FPNRILFUBM962GGR81L5TSPGGVKMGCHF00035|(TID)35|(SI)NA|(MRG)2631600035|@;;;0;;172.25.0.100;UDP
L1;172.25.0.101;100;L1|SetCodeStatus|26N00001CGUMZYCB00036SKAKI64P2GJ8NYWOQ3UZVOCRQM3M4QIH5TP2I0IA69P4RAO55PNITZSMJE7CGXWFJ7LBXO77HNTGPJVQ4HZCASFYBQC8FPNRILFUBM962GGR81L5TSPGGVKMGCHF00036|(TID)36|(SI)NA|(MRG)2631600036|@;;;0;;172.25.0.100;UDP
L1;172.25.0.101;100;L1|SetCodeStatus|26N00001CGUMZYCB00037SKAKI64P2GJ8NYWOQ3UZVOCRQM3M4QIH5TP2I0IA69P4RAO55PNITZSMJE7CGXWFJ7LBXO77HNTGPJVQ4HZCASFYBQC8FPNRILFUBM962GGR81L5TSPGGVKMGCHF00037|(TID)37|(SI)NA|(MRG)2631600037|@;;;0;;172.25.0.100;UDP
L1;172.25.0.101;100;L1|SetCodeStatus|26N00001CGUMZYCB00038SKAKI64P2GJ8NYWOQ3UZVOCRQM3M4QIH5TP2I0IA69P4RAO55PNITZSMJE7CGXWFJ7LBXO77HNTGPJVQ4HZCASFYBQC8FPNRILFUBM962GGR81L5TSPGGVKMGCHF00038|(TID)38|(SI)NA|(MRG)2631600038|@;;;0;;172.25.0.100;UDP
L1;172.25.0.101;100;L1|SetCodeStatus|26N00001CGUMZYCB00039SKAKI64P2GJ8NYWOQ3UZVOCRQM3M4QIH5TP2I0IA69P4RAO55PNITZSMJE7CGXWFJ7LBXO77HNTGPJVQ4HZCASFYBQC8FPNRILFUBM962GGR81L5TSPGGVKMGCHF00039|(TID)39|(SI)NA|(MRG)2631600039|@;;;0;;172.25.0.100;UDP
L1;172.25.0.101;100;L1|SetCodeStatus|26N00001CGUMZYCB00040SKAKI64P2GJ8NYWOQ3UZVOCRQM3M4QIH5TP2I0IA69P4RAO55PNITZSMJE7CGXWFJ7LBXO77HNTGPJVQ4HZCASFYBQC8FPNRILFUBM962GGR81L5TSPGGVKMGCHF00040|(TID)40|(SI)NA|(MRG)2631600040|@;;;0;;172.25.0.100;UDP
L1;172.25.0.101;100;L1|SetCodeStatus|26N00001CGUMZYCB00041SKAKI64P2GJ8NYWOQ3UZVOCRQM3M4QIH5TP2I0IA69P4RAO55PNITZSMJE7CGXWFJ7LBXO77HNTGPJVQ4HZCASFYBQC8FPNRILFUBM962GGR81L5TSPGGVKMGCHF00041|(TID)41|(SI)NA|(MRG)2631600041|@;;;0;;172.25.0.100;UDP
L1;172.25.0.101;100;L1|SetCodeStatus|26N00001CGUMZYCB00042SKAKI64P2GJ8NYWOQ3UZVOCRQM3M4QIH5TP2I0IA69P4RAO55PNITZSMJE7CGXWFJ7LBXO77HNTGPJVQ4HZCASFYBQC8FPNRILFUBM962GGR81L5TSPGGVKMGCHF00042|(TID)42|(SI)NA|(MRG)2631600042|@;;;0;;172.25.0.100;UDP
MODBUS;172.25.0.101;100;L1|SetCodeStatus|26N00001CGUMZYCB00043SKAKI64P2GJ8NYWOQ3UZVOCRQM3M4QIH5TP2I0IA69P4RAO55PNITZSMJE7CGXWFJ7LBXO77HNTGPJVQ4HZCASFYBQC8FPNRILFUBM962GGR81L5TSPGGVKMGCHF00043|(TID)43|(SI)NA|(MRG)2631600043|@;;;0;;172.25.0.100;UDP
L1;172.25.0.101;100;L1|SetCodeStatus|26N00001CGUMZYCB00044SKAKI64P2GJ8NYWOQ3UZVOCRQM3M4QIH5TP2I0IA69P4RAO55PNITZSMJE7CGXWFJ7LBXO77HNTGPJVQ4HZCASFYBQC8FPNRILFUBM962GGR81L5TSPGGVKMGCHF00044|(TID)44|(SI)NA|(MRG)2631600044|@;;;0;;172.25.0.100;UDP
L1;172.25.0.101;100;L1|SetCodeStatus|26N00001CGUMZYCB00045SKAKI64P2GJ8NYWOQ3UZVOCRQM3M4QIH5TP2I0IA69P4RAO55PNITZSMJE7CGXWFJ7LBXO77HNTGPJVQ4HZCASFYBQC8FPNRILFUBM962GGR81L5TSPGGVKMGCHF00045|(TID)45|(SI)NA|(MRG)2631600045|@;;;0;;172.25.0.100;UDP
L1;172.25.0.101;100;L1|SetCodeStatus|26N00001CGUMZYCB00046SKAKI64P2GJ8NYWOQ3UZVOCRQM3M4QIH5TP2I0IA69P4RAO55PNITZSMJE7CGXWFJ7LBXO77HNTGPJVQ4HZCASFYBQC8FPNRILFUBM962GGR81L5TSPGGVKMGCHF00046|(TID)46|(SI)NA|(MRG)2631600046|@;;;0;;172.25.0.100;UDP
L1;172.25.0.101;100;L1|SetCodeStatus|26N00001CGUMZYCB00047SKAKI64P2GJ8NYWOQ3UZVOCRQM3M4QIH5TP2I0IA69P4RAO55PNITZSMJE7CGXWFJ7LBXO77HNTGPJVQ4HZCASFYBQC8FPNRILFUBM962GGR81L5TSPGGVKMGCHF00047|(TID)47|(SI)NA|(MRG)2631600047|@;;;0;;172.25.0.100;UDP
L1;172.25.0.101;100;L1|SetCodeStatus|26N00001CGUMZYCB00048SKAKI64P2GJ8NYWOQ3UZVOCRQM3M4QIH5TP2I0IA69P4RAO55PNITZSMJE7CGXWFJ7LBXO77HNTGPJVQ4HZCASFYBQC8FPNRILFUBM962GGR81L5TSPGGVKMGCHF00048|(TID)48|(SI)NA|(MRG)2631600048|@;;;0;;172.25.0.100;UDP
L1;172.25.0.101;100;L1|SetCodeStatus|26N00001CGUMZYCB00049SKAKI64P2GJ8NYWOQ3UZVOCRQM3M4QIH5TP2I0IA69P4RAO55PNITZSMJE7CGXWFJ7LBXO77HNTGPJVQ4HZCASFYBQC8FPNRILFUBM962GGR81L5TSPGGVKMGCHF00049|(TID)49|(SI)NA|(MRG)2631600049|@;;;0;;172.25.0.100;UDP
L1;172.25.0.101;100;L1|SetCodeStatus|26N00001CGUMZYCB00050SKAKI64P2GJ8NYWOQ3UZVOCRQM3M4QIH5TP2I0IA69P4RAO55PNITZSMJE7CGXWFJ7LBXO77HNTGPJVQ4HZCASFYBQC8FPNRILFUBM962GGR81L5TSPGGVKMGCHF00050|(TID)50|(SI)NA|(MRG)2631600050|@;;;0;;172.25.0.100;UDP
L1;172.25.0.101;100;L1|SetCodeStatus|26N00001CGUMZYCB00051SKAKI64P2GJ8NYWOQ3UZVOCRQM3M4QIH5TP2I0IA69P4RAO55PNITZSMJE7CGXWFJ7LBXO77HNTGPJVQ4HZCASFYBQC8FPNRILFUBM962GGR81L5TSPGGVKMGCHF00051|(TID)51|(SI)NA|(MRG)2631600051|@;;;0;;172.25.0.100;TCP
L1;172.25.0.101;100;L1|SetCodeStatus|26N00001CGUMZYCB00052SKAKI64P2GJ8NYWOQ3UZVOCRQM3M4QIH5TP2I0IA69P4RAO55PNITZSMJE7CGXWFJ7LBXO77HNTGPJVQ4HZCASFYBQC8FPNRILFUBM962GGR81L5TSPGGVKMGCHF00052|(TID)52|(SI)NA|(MRG)2631600052|@;;;0;;172.25.0.100;UDP
L1;172.25.0.101;100;L1|SetCodeStatus|26N00001CGUMZYCB00053SKAKI64P2GJ8NYWOQ3UZVOCRQM3M4QIH5TP2I0IA69P4RAO55PNITZSMJE7CGXWFJ7LBXO77HNTGPJVQ4HZCASFYBQC8FPNRILFUBM962GGR81L5TSPGGVKMGCHF00053|(TID)53|(SI)NA|(MRG)2631600053|@;;;0;;172.25.0.100;UDP
L1;172.25.0.101;100;L1|SetCodeStatus|26N00001CGUMZYCB00054SKAKI64P2GJ8NYWOQ3UZVOCRQM3M4QIH5TP2I0IA69P4RAO55PNITZSMJE7CGXWFJ7LBXO77HNTGPJVQ4HZCASFYBQC8FPNRILFUBM962GGR81L5TSPGGVKMGCHF00054|(TID)54|(SI)NA|(MRG)2631600054|@;;;0;;172.25.0.100;UDP
L1;172.25.0.101;100;L1|SetCodeStatus|26N00001CGUMZYCB00055SKAKI64P2GJ8NYWOQ3UZVOCRQM3M4QIH5TP2I0IA69P4RAO55PNITZSMJE7CGXWFJ7LBXO77HNTGPJVQ4HZCASFYBQC8FPNRILFUBM962GGR81L5TSPGGVKMGCHF00055|(TID)55|(SI)NA|(MRG)2631600055|@;;;0;;172.25.0.100;UDP
L1;172.25.0.101;100;L1|SetCodeStatus|26N00001CGUMZYCB00056SKAKI64P2GJ8NYWOQ3UZVOCRQM3M4QIH5TP2I0IA69P4RAO55PNITZSMJE7CGXWFJ7LBXO77HNTGPJVQ4HZCASFYBQC8FPNRILFUBM962GGR81L5TSPGGVKMGCHF00056|(TID)56|(SI)NA|(MRG)2631600056|@;;;0;;172.25.0.100;UDP
L1;172.25.0.101;100;L1|SetCodeStatus|26N00001CGUMZYCB00057SKAKI64P2GJ8NYWOQ3UZVOCRQM3M4QIH5TP2I0IA69P4RAO55PNITZSMJE7CGXWFJ7LBXO77HNTGPJVQ4HZCASFYBQC8FPNRILFUBM962GGR81L5TSPGGVKMGCHF00057|(TID)57|(SI)NA|(MRG)2631600057|@;;;0;;172.25.0.100;UDP
L1;172.25.0.101;100;L1|SetCodeStatus|26N00001CGUMZYCB00058SKAKI64P2GJ8NYWOQ3UZVOCRQM3M4QIH5TP2I0IA69P4RAO55PNITZSMJE7CGXWFJ7LBXO77HNTGPJVQ4HZCASFYBQC8FPNRILFUBM962GGR81L5TSPGGVKMGCHF00058|(TID)58|(SI)NA|(MRG)2631600058|@;;;0;;172.25.0.100;UDP
L1;172.25.0.101;100;L1|SetCodeStatus|26N00001CGUMZYCB00059SKAKI64P2GJ8NYWOQ3UZVOCRQM3M4QIH5TP2I0IA69P4RAO55PNITZSMJE7CGXWFJ7LBXO77HNTGPJVQ4HZCASFYBQC8FPNRILFUBM962GGR81L5TSPGGVKMGCHF00059|(TID)59|(SI)NA|(MRG)2631600059|@;;;0;;172.25.0.100;UDP
L1;172.25.0.101;100;L1|SetCodeStatus|26N00001CGUMZYCB00060SKAKI64P2GJ8NYWOQ3UZVOCRQM3M4QIH5TP2I0IA69P4RAO55PNITZSMJE7CGXWFJ7LBXO77HNTGPJVQ4HZCASFYBQC8FPNRILFUBM962GGR81L5TSPGGVKMGCHF00060|(TID)60|(SI)NA|(MRG)2631600060|@;;;0;;172.25.0.100;UDP
L1;172.25.0.101;100;L1|SetCodeStatus|26N00001CGUMZYCB00061SKAKI64P2GJ8NYWOQ3UZVOCRQM3M4QIH5TP2I0IA69P4RAO55PNITZSMJE7CGXWFJ7LBXO77HNTGPJVQ4HZCASFYBQC8FPNRILFUBM962GGR81L5TSPGGVKMGCHF00061|(TID)61|(SI)NA|(MRG)2631600061|@;;;0;;172.25.0.100;TCP
L1;172.25.0.101;100;L1|SetCodeStatus|26N00001CGUMZYCB00062SKAKI64P2GJ8NYWOQ3UZVOCRQM3M4QIH5TP2I0IA69P4RAO55PNITZSMJE7CGXWFJ7LBXO77HNTGPJVQ4HZCASFYBQC8FPNRILFUBM962GGR81L5TSPGGVKMGCHF00062|(TID)62|(SI)NA|(MRG)2631600062|@;;;0;;172.25.0.100;UDP
L1;172.25.0.101;100;L1|SetCodeStatus|26N00001CGUMZYCB00063SKAKI64P2GJ8NYWOQ3UZVOCRQM3M4QIH5TP2I0IA69P4RAO55PNITZSMJE7CGXWFJ7LBXO77HNTGPJVQ4HZCASFYBQC8FPNRILFUBM962GGR81L5TSPGGVKMGCHF00063|(TID)63|(SI)NA|(MRG)2631600063|@;;;0;;172.25.0.100;UDP
L1;172.25.0.101;100;L1|SetCodeStatus|26N00001CGUMZYCB00064SKAKI64P2GJ8NYWOQ3UZVOCRQM3M4QIH5TP2I0IA69P4RAO55PNITZSMJE7CGXWFJ7LBXO77HNTGPJVQ4HZCASFYBQC8FPNRILFUBM962GGR81L5TSPGGVKMGCHF00064|(TID)64|(SI)NA|(MRG)2631600064|@;;;0;;172.25.0.100;TCP
L1;172.25.0.101;100;L1|SetCodeStatus|26N00001CGUMZYCB00065SKAKI64P2GJ8NYWOQ3UZVOCRQM3M4QIH5TP2I0IA69P4RAO55PNITZSMJE7CGXWFJ7LBXO77HNTGPJVQ4HZCASFYBQC8FPNRILFUBM962GGR81L5TSPGGVKMGCHF00065|(TID)65|(SI)NA|(MRG)2631600065|@;;;0;;172.25.0.100;UDP
L1;172.25.0.101;100;L1|SetCodeStatus|26N00001CGUMZYCB00066SKAKI64P2GJ8NYWOQ3UZVOCRQM3M4QIH5TP2I0IA69P4RAO55PNITZSMJE7CGXWFJ7LBXO77HNTGPJVQ4HZCASFYBQC8FPNRILFUBM962GGR81L5TSPGGVKMGCHF00066|(TID)66|(SI)NA|(MRG)2631600066|@;;;0;;172.25.0.100;UDP
L1;172.25.0.101;100;L1|SetCodeStatus|26N00001CGUMZYCB00067SKAKI64P2GJ8NYWOQ3UZVOCRQM3M4QIH5TP2I0IA69P4RAO55PNITZSMJE7CGXWFJ7LBXO77HNTGPJVQ4HZCASFYBQC8FPNRILFUBM962GGR81L5TSPGGVKMGCHF00067|(TID)67|(SI)NA|(MRG)2631600067|@;;;0;;172.25.0.100;UDP
L1;172.25.0.101;100;L1|SetCodeStatus|26N00001CGUMZYCB00068SKAKI64P2GJ8NYWOQ3UZVOCRQM3M4QIH5TP2I0IA69P4RAO55PNITZSMJE7CGXWFJ7LBXO77HNTGPJVQ4HZCASFYBQC8FPNRILFUBM962GGR81L5TSPGGVKMGCHF00068|(TID)68|(SI)NA|(MRG)2631600068|@;;;0;;172.25.0.100;UDP
L1;172.25.0.101;100;L1|SetCodeStatus|26N00001CGUMZYCB00069SKAKI64P2GJ8NYWOQ3UZVOCRQM3M4QIH5TP2I0IA69P4RAO55PNITZSMJE7CGXWFJ7LBXO77HNTGPJVQ4HZCASFYBQC8FPNRILFUBM962GGR81L5TSPGGVKMGCHF00069|(TID)69|(SI)NA|(MRG)2631600069|@;;;0;;172.25.0.100;UDP
L1;172.25.0.101;100;L1|SetCodeStatus|26N00001CGUMZYCB00070SKAKI64P2GJ8NYWOQ3UZVOCRQM3M4QIH5TP2I0IA69P4RAO55PNITZSMJE7CGXWFJ7LBXO77HNTGPJVQ4HZCASFYBQC8FPNRILFUBM962GGR81L5TSPGGVKMGCHF00070|(TID)70|(SI)NA|(MRG)2631600070|@;;;0;;172.25.0.100;UDP
L1;172.25.0.101;100;L1|SetCodeStatus|26N00001CGUMZYCB00071SKAKI64P2GJ8NYWOQ3UZVOCRQM3M4QIH5TP2I0IA69P4RAO55PNITZSMJE7CGXWFJ7LBXO77HNTGPJVQ4HZCASFYBQC8FPNRILFUBM962GGR81L5TSPGGVKMGCHF00071|(TID)71|(SI)NA|(MRG)2631600071|@;;;0;;172.25.0.100;UDP
L1;172.25.0.101;100;L1|SetCodeStatus|26N00001CGUMZYCB00072SKAKI64P2GJ8NYWOQ3UZVOCRQM3M4QIH5TP2I0IA69P4RAO55PNITZSMJE7CGXWFJ7LBXO77HNTGPJVQ4HZCASFYBQC8FPNRILFUBM962GGR81L5TSPGGVKMGCHF00072|(TID)72|(SI)NA|(MRG)2631600072|@;;;0;;172.25.0.100;UDP
L1;172.25.0.101;100;L1|SetCodeStatus|26N00001CGUMZYCB00073SKAKI64P2GJ8NYWOQ3UZVOCRQM3M4QIH5TP2I0IA69P4RAO55PNITZSMJE7CGXWFJ7LBXO77HNTGPJVQ4HZCASFYBQC8FPNRILFUBM962GGR81L5TSPGGVKMGCHF00073|(TID)73|(SI)NA|(MRG)2631600073|@;;;0;;172.25.0.100;UDP
L1;172.25.0.101;100;L1|SetCodeStatus|26N00001CGUMZYCB00074SKAKI64P2GJ8NYWOQ3UZVOCRQM3M4QIH5TP2I0IA69P4RAO55PNITZSMJE7CGXWFJ7LBXO77HNTGPJVQ4HZCASFYBQC8FPNRILFUBM962GGR81L5TSPGGVKMGCHF00074|(TID)74|(SI)NA|(MRG)2631600074|@;;;0;;172.25.0.100;UDP
L1;172.25.0.101;100;L1|SetCodeStatus|26N00001CGUMZYCB00075SKAKI64P2GJ8NYWOQ3UZVOCRQM3M4QIH5TP2I0IA69P4RAO55PNITZSMJE7CGXWFJ7LBXO77HNTGPJVQ4HZCASFYBQC8FPNRILFUBM962GGR81L5TSPGGVKMGCHF00075|(TID)75|(SI)NA|(MRG)2631600075|@;;;0;;172.25.0.100;UDP
L1;172.25.0.101;100;L1|SetCodeStatus|26N00001CGUMZYCB00076SKAKI64P2GJ8NYWOQ3UZVOCRQM3M4QIH5TP2I0IA69P4RAO55PNITZSMJE7CGXWFJ7LBXO77HNTGPJVQ4HZCASFYBQC8FPNRILFUBM962GGR81L5TSPGGVKMGCHF00076|(TID)76|(SI)NA|(MRG)2631600076|@;;;0;;172.25.0.100;UDP
L1;172.25.0.101;100;L1|SetCodeStatus|26N00001CGUMZYCB00077SKAKI64P2GJ8NYWOQ3UZVOCRQM3M4QIH5TP2I0IA69P4RAO55PNITZSMJE7CGXWFJ7LBXO77HNTGPJVQ4HZCASFYBQC8FPNRILFUBM962GGR81L5TSPGGVKMGCHF00077|(TID)77|(SI)NA|(MRG)2631600077|@;;;0;;172.25.0.100;TCP
L1;172.25.0.101;100;L1|SetCodeStatus|26N00001CGUMZYCB00078SKAKI64P2GJ8NYWOQ3UZVOCRQM3M4QIH5TP2I0IA69P4RAO55PNITZSMJE7CGXWFJ7LBXO77HNTGPJVQ4HZCASFYBQC8FPNRILFUBM962GGR81L5TSPGGVKMGCHF00078|(TID)78|(SI)NA|(MRG)2631600078|@;;;0;;172.25.0.100;UDP
L1;172.25.0.101;100;L1|SetCodeStatus|26N00001CGUMZYCB00079SKAKI64P2GJ8NYWOQ3UZVOCRQM3M4QIH5TP2I0IA69P4RAO55PNITZSMJE7CGXWFJ7LBXO77HNTGPJVQ4HZCASFYBQC8FPNRILFUBM962GGR81L5TSPGGVKMGCHF00079|(TID)79|(SI)NA|(MRG)2631600079|@;;;0;;172.25.0.100;UDP
L1;172.25.0.101;100;L1|SetCodeStatus|26N00001CGUMZYCB00080SKAKI64P2GJ8NYWOQ3UZVOCRQM3M4QIH5TP2I0IA69P4RAO55PNITZSMJE7CGXWFJ7LBXO77HNTGPJVQ4HZCASFYBQC8FPNRILFUBM962GGR81L5TSPGGVKMGCHF00080|(TID)80|(SI)NA|(MRG)2631600080|@;;;0;;172.25.0.100;TCP
L1;172.25.0.101;100;L1|SetCodeStatus|26N00001CGUMZYCB00081SKAKI64P2GJ8NYWOQ3UZVOCRQM3M4QIH5TP2I0IA69P4RAO55PNITZSMJE7CGXWFJ7LBXO77HNTGPJVQ4HZCASFYBQC8FPNRILFUBM962GGR81L5TSPGGVKMGCHF00081|(TID)81|(SI)NA|(MRG)2631600081|@;;;0;;172.25.0.100;TCP
L1;172.25.0.101;100;L1|SetCodeStatus|26N00001CGUMZYCB00082SKAKI64P2GJ8NYWOQ3UZVOCRQM3M4QIH5TP2I0IA69P4RAO55PNITZSMJE7CGXWFJ7LBXO77HNTGPJVQ4HZCASFYBQC8FPNRILFUBM962GGR81L5TSPGGVKMGCHF00082|(TID)82|(SI)NA|(MRG)2631600082|@;;;0;;172.25.0.100;UDP
L1;172.25.0.101;100;L1|SetCodeStatus|26N00001CGUMZYCB00083SKAKI64P2GJ8NYWOQ3UZVOCRQM3M4QIH5TP2I0IA69P4RAO55PNITZSMJE7CGXWFJ7LBXO77HNTGPJVQ4HZCASFYBQC8FPNRILFUBM962GGR81L5TSPGGVKMGCHF00083|(TID)83|(SI)NA|(MRG)2631600083|@;;;0;;172.25.0.100;TCP
L1;172.25.0.101;100;L1|SetCodeStatus|26N00001CGUMZYCB00084SKAKI64P2GJ8NYWOQ3UZVOCRQM3M4QIH5TP2I0IA69P4RAO55PNITZSMJE7CGXWFJ7LBXO77HNTGPJVQ4HZCASFYBQC8FPNRILFUBM962GGR81L5TSPGGVKMGCHF00084|(TID)84|(SI)NA|(MRG)2631600084|@;;;0;;172.25.0.100;TCP
L1;172.25.0.101;100;L1|SetCodeStatus|26N00001CGUMZYCB00085SKAKI64P2GJ8NYWOQ3UZVOCRQM3M4QIH5TP2I0IA69P4RAO55PNITZSMJE7CGXWFJ7LBXO77HNTGPJVQ4HZCASFYBQC8FPNRILFUBM962GGR81L5TSPGGVKMGCHF00085|(TID)85|(SI)NA|(MRG)2631600085|@;;;0;;172.25.0.100;TCP
L1;172.25.0.101;100;L1|SetCodeStatus|26N00001CGUMZYCB00086SKAKI64P2GJ8NYWOQ3UZVOCRQM3M4QIH5TP2I0IA69P4RAO55PNITZSMJE7CGXWFJ7LBXO77HNTGPJVQ4HZCASFYBQC8FPNRILFUBM962GGR81L5TSPGGVKMGCHF00086|(TID)86|(SI)NA|(MRG)2631600086|@;;;0;;172.25.0.100;UDP
L1;172.25.0.101;100;L1|SetCodeStatus|26N00001CGUMZYCB00087SKAKI64P2GJ8NYWOQ3UZVOCRQM3M4QIH5TP2I0IA69P4RAO55PNITZSMJE7CGXWFJ7LBXO77HNTGPJVQ4HZCASFYBQC8FPNRILFUBM962GGR81L5TSPGGVKMGCHF00087|(TID)87|(SI)NA|(MRG)2631600087|@;;;0;;172.25.0.100;TCP
L1;172.25.0.101;100;L1|SetCodeStatus|26N00001CGUMZYCB00088SKAKI64P2GJ8NYWOQ3UZVOCRQM3M4QIH5TP2I0IA69P4RAO55PNITZSMJE7CGXWFJ7LBXO77HNTGPJVQ4HZCASFYBQC8FPNRILFUBM962GGR81L5TSPGGVKMGCHF00088|(TID)88|(SI)NA|(MRG)2631600088|@;;;0;;172.25.0.100;UDP
L1;172.25.0.101;100;L1|SetCodeStatus|26N00001CGUMZYCB00089SKAKI64P2GJ8NYWOQ3UZVOCRQM3M4QIH5TP2I0IA69P4RAO55PNITZSMJE7CGXWFJ7LBXO77HNTGPJVQ4HZCASFYBQC8FPNRILFUBM962GGR81L5TSPGGVKMGCHF00089|(TID)89|(SI)NA|(MRG)2631600089|@;;;0;;172.25.0.100;UDP
L1;172.25.0.101;100;L1|SetCodeStatus|26N00001CGUMZYCB00090SKAKI64P2GJ8NYWOQ3UZVOCRQM3M4QIH5TP2I0IA69P4RAO55PNITZSMJE7CGXWFJ7LBXO77HNTGPJVQ4HZCASFYBQC8FPNRILFUBM962GGR81L5TSPGGVKMGCHF00090|(TID)90|(SI)NA|(MRG)2631600090|@;;;0;;172.25.0.100;TCP
L1;172.25.0.101;100;L1|SetCodeStatus|26N00001CGUMZYCB00091SKAKI64P2GJ8NYWOQ3UZVOCRQM3M4QIH5TP2I0IA69P4RAO55PNITZSMJE7CGXWFJ7LBXO77HNTGPJVQ4HZCASFYBQC8FPNRILFUBM962GGR81L5TSPGGVKMGCHF00091|(TID)91|(SI)NA|(MRG)2631600091|@;;;0;;172.25.0.100;TCP
L1;172.25.0.101;100;L1|SetCodeStatus|26N00001CGUMZYCB00092SKAKI64P2GJ8NYWOQ3UZVOCRQM3M4QIH5TP2I0IA69P4RAO55PNITZSMJE7CGXWFJ7LBXO77HNTGPJVQ4HZCASFYBQC8FPNRILFUBM962GGR81L5TSPGGVKMGCHF00092|(TID)92|(SI)NA|(MRG)2631600092|@;;;0;;172.25.0.100;TCP
L1;172.25.0.101;100;L1|SetCodeStatus|26N00001CGUMZYCB00093SKAKI64P2GJ8NYWOQ3UZVOCRQM3M4QIH5TP2I0IA69P4RAO55PNITZSMJE7CGXWFJ7LBXO77HNTGPJVQ4HZCASFYBQC8FPNRILFUBM962GGR81L5TSPGGVKMGCHF00093|(TID)93|(SI)NA|(MRG)2631600093|@;;;0;;172.25.0.100;TCP
L1;172.25.0.101;100;L1|SetCodeStatus|26N00001CGUMZYCB00094SKAKI64P2GJ8NYWOQ3UZVOCRQM3M4QIH5TP2I0IA69P4RAO55PNITZSMJE7CGXWFJ7LBXO77HNTGPJVQ4HZCASFYBQC8FPNRILFUBM962GGR81L5TSPGGVKMGCHF00094|(TID)94|(SI)NA|(MRG)2631600094|@;;;0;;172.25.0.100;TCP
L1;172.25.0.101;100;L1|SetCodeStatus|26N00001CGUMZYCB00095SKAKI64P2GJ8NYWOQ3UZVOCRQM3M4QIH5TP2I0IA69P4RAO55PNITZSMJE7CGXWFJ7LBXO77HNTGPJVQ4HZCASFYBQC8FPNRILFUBM962GGR81L5TSPGGVKMGCHF00095|(TID)95|(SI)NA|(MRG)2631600095|@;;;0;;172.25.0.100;TCP
L1;172.25.0.101;100;L1|SetCodeStatus|26N00001CGUMZYCB00096SKAKI64P2GJ8NYWOQ3UZVOCRQM3M4QIH5TP2I0IA69P4RAO55PNITZSMJE7CGXWFJ7LBXO77HNTGPJVQ4HZCASFYBQC8FPNRILFUBM962GGR81L5TSPGGVKMGCHF00096|(TID)96|(SI)NA|(MRG)2631600096|@;;;0;;172.25.0.100;TCP
L1;172.25.0.101;100;L1|SetCodeStatus|26N00001CGUMZYCB00097SKAKI64P2GJ8NYWOQ3UZVOCRQM3M4QIH5TP2I0IA69P4RAO55PNITZSMJE7CGXWFJ7LBXO77HNTGPJVQ4HZCASFYBQC8FPNRILFUBM962GGR81L5TSPGGVKMGCHF00097|(TID)97|(SI)NA|(MRG)2631600097|@;;;0;;172.25.0.100;TCP
L1;172.25.0.101;100;L1|SetCodeStatus|26N00001CGUMZYCB00098SKAKI64P2GJ8NYWOQ3UZVOCRQM3M4QIH5TP2I0IA69P4RAO55PNITZSMJE7CGXWFJ7LBXO77HNTGPJVQ4HZCASFYBQC8FPNRILFUBM962GGR81L5TSPGGVKMGCHF00098|(TID)98|(SI)NA|(MRG)2631600098|@;;;0;;172.25.0.100;UDP
L1;172.25.0.101;100;L1|SetCodeStatus|26N00001CGUMZYCB00099SKAKI64P2GJ8NYWOQ3UZVOCRQM3M4QIH5TP2I0IA69P4RAO55PNITZSMJE7CGXWFJ7LBXO77HNTGPJVQ4HZCASFYBQC8FPNRILFUBM962GGR81L5TSPGGVKMGCHF00099|(TID)99|(SI)NA|(MRG)2631600099|@;;;0;;172.25.0.100;TCP
L1;172.25.0.101;100;L1|SetCodeStatus|26N00001CGUMZYCB00100SKAKI64P2GJ8NYWOQ3UZVOCRQM3M4QIH5TP2I0IA69P4RAO55PNITZSMJE7CGXWFJ7LBXO77HNTGPJVQ4HZCASFYBQC8FPNRILFUBM962GGR81L5TSPGGVKMGCHF00100|(TID)100|(SI)NA|(MRG)2631600100|@;;;0;;172.25.0.100;TCP
L1;172.25.0.101;100;L1|SetCodeStatus|26N00001CGUMZYCB00101SKAKI64P2GJ8NYWOQ3UZVOCRQM3M4QIH5TP2I0IA69P4RAO55PNITZSMJE7CGXWFJ7LBXO77HNTGPJVQ4HZCASFYBQC8FPNRILFUBM962GGR81L5TSPGGVKMGCHF00101|(TID)101|(SI)NA|(MRG)2631600101|@;;;0;;172.25.0.100;UDP
L1;172.25.0.101;100;L1|SetCodeStatus|26N00001CGUMZYCB00102SKAKI64P2GJ8NYWOQ3UZVOCRQM3M4QIH5TP2I0IA69P4RAO55PNITZSMJE7CGXWFJ7LBXO77HNTGPJVQ4HZCASFYBQC8FPNRILFUBM962GGR81L5TSPGGVKMGCHF00102|(TID)102|(SI)NA|(MRG)2631600102|@;;;0;;172.25.0.100;TCP
L1;172.25.0.101;100;L1|SetCodeStatus|26N00001CGUMZYCB00103SKAKI64P2GJ8NYWOQ3UZVOCRQM3M4QIH5TP2I0IA69P4RAO55PNITZSMJE7CGXWFJ7LBXO77HNTGPJVQ4HZCASFYBQC8FPNRILFUBM962GGR81L5TSPGGVKMGCHF00103|(TID)103|(SI)NA|(MRG)2631600103|@;;;0;;172.25.0.100;TCP
L1;172.25.0.101;100;L1|SetCodeStatus|26N00001CGUMZYCB00104SKAKI64P2GJ8NYWOQ3UZVOCRQM3M4QIH5TP2I0IA69P4RAO55PNITZSMJE7CGXWFJ7LBXO77HNTGPJVQ4HZCASFYBQC8FPNRILFUBM962GGR81L5TSPGGVKMGCHF00104|(TID)104|(SI)NA|(MRG)2631600104|@;;;0;;172.25.0.100;TCP
L1;172.25.0.101;100;L1|SetCodeStatus|26N00001CGUMZYCB00105SKAKI64P2GJ8NYWOQ3UZVOCRQM3M4QIH5TP2I0IA69P4RAO55PNITZSMJE7CGXWFJ7LBXO77HNTGPJVQ4HZCASFYBQC8FPNRILFUBM962GGR81L5TSPGGVKMGCHF00105|(TID)105|(SI)NA|(MRG)2631600105|@;;;0;;172.25.0.100;UDP
L1;172.25.0.101;100;L1|SetCodeStatus|26N00001CGUMZYCB00106SKAKI64P2GJ8NYWOQ3UZVOCRQM3M4QIH5TP2I0IA69P4RAO55PNITZSMJE7CGXWFJ7LBXO77HNTGPJVQ4HZCASFYBQC8FPNRILFUBM962GGR81L5TSPGGVKMGCHF00106|(TID)106|(SI)NA|(MRG)2631600106|@;;;0;;172.25.0.100;UDP
L1;172.25.0.101;100;L1|SetCodeStatus|26N00001CGUMZYCB00107SKAKI64P2GJ8NYWOQ3UZVOCRQM3M4QIH5TP2I0IA69P4RAO55PNITZSMJE7CGXWFJ7LBXO77HNTGPJVQ4HZCASFYBQC8FPNRILFUBM962GGR81L5TSPGGVKMGCHF00107|(TID)107|(SI)NA|(MRG)2631600107|@;;;0;;172.25.0.100;TCP
L1;172.25.0.101;100;L1|SetCodeStatus|26N00001CGUMZYCB00108SKAKI64P2GJ8NYWOQ3UZVOCRQM3M4QIH5TP2I0IA69P4RAO55PNITZSMJE7CGXWFJ7LBXO77HNTGPJVQ4HZCASFYBQC8FPNRILFUBM962GGR81L5TSPGGVKMGCHF00108|(TID)108|(SI)NA|(MRG)2631600108|@;;;0;;172.25.0.100;TCP
L1;172.25.0.101;100;L1|SetCodeStatus|26N00001CGUMZYCB00109SKAKI64P2GJ8NYWOQ3UZVOCRQM3M4QIH5TP2I0IA69P4RAO55PNITZSMJE7CGXWFJ7LBXO77HNTGPJVQ4HZCASFYBQC8FPNRILFUBM962GGR81L5TSPGGVKMGCHF00109|(TID)109|(SI)NA|(MRG)2631600109|@;;;0;;172.25.0.100;TCP
L1;172.25.0.101;100;L1|SetCodeStatus|26N00001CGUMZYCB00110SKAKI64P2GJ8NYWOQ3UZVOCRQM3M4QIH5TP2I0IA69P4RAO55PNITZSMJE7CGXWFJ7LBXO77HNTGPJVQ4HZCASFYBQC8FPNRILFUBM962GGR81L5TSPGGVKMGCHF00110|(TID)110|(SI)NA|(MRG)2631600110|@;;;0;;172.25.0.100;TCP
L1;172.25.0.101;100;L1|SetCodeStatus|26N00001CGUMZYCB00111SKAKI64P2GJ8NYWOQ3UZVOCRQM3M4QIH5TP2I0IA69P4RAO55PNITZSMJE7CGXWFJ7LBXO77HNTGPJVQ4HZCASFYBQC8FPNRILFUBM962GGR81L5TSPGGVKMGCHF00111|(TID)111|(SI)NA|(MRG)2631600111|@;;;0;;172.25.0.100;TCP
L1;172.25.0.101;100;L1|SetCodeStatus|26N00001CGUMZYCB00112SKAKI64P2GJ8NYWOQ3UZVOCRQM3M4QIH5TP2I0IA69P4RAO55PNITZSMJE7CGXWFJ7LBXO77HNTGPJVQ4HZCASFYBQC8FPNRILFUBM962GGR81L5TSPGGVKMGCHF00112|(TID)112|(SI)NA|(MRG)2631600112|@;;;0;;172.25.0.100;TCP
L1;172.25.0.101;100;L1|SetCodeStatus|26N00001CGUMZYCB00113SKAKI64P2GJ8NYWOQ3UZVOCRQM3M4QIH5TP2I0IA69P4RAO55PNITZSMJE7CGXWFJ7LBXO77HNTGPJVQ4HZCASFYBQC8FPNRILFUBM962GGR81L5TSPGGVKMGCHF00113|(TID)113|(SI)NA|(MRG)2631600113|@;;;0;;172.25.0.100;TCP
L1;172.25.0.101;100;L1|SetCodeStatus|26N00001CGUMZYCB00114SKAKI64P2GJ8NYWOQ3UZVOCRQM3M4QIH5TP2I0IA69P4RAO55PNITZSMJE7CGXWFJ7LBXO77HNTGPJVQ4HZCASFYBQC8FPNRILFUBM962GGR81L5TSPGGVKMGCHF00114|(TID)114|(SI)NA|(MRG)2631600114|@;;;0;;172.25.0.100;TCP
L1;172.25.0.101;100;L1|SetCodeStatus|26N00001CGUMZYCB00115SKAKI64P2GJ8NYWOQ3UZVOCRQM3M4QIH5TP2I0IA69P4RAO55PNITZSMJE7CGXWFJ7LBXO77HNTGPJVQ4HZCASFYBQC8FPNRILFUBM962GGR81L5TSPGGVKMGCHF00115|(TID)115|(SI)NA|(MRG)2631600115|@;;;0;;172.25.0.100;TCP
L1;172.25.0.101;100;L1|SetCodeStatus|26N00001CGUMZYCB00116SKAKI64P2GJ8NYWOQ3UZVOCRQM3M4QIH5TP2I0IA69P4RAO55PNITZSMJE7CGXWFJ7LBXO77HNTGPJVQ4HZCASFYBQC8FPNRILFUBM962GGR81L5TSPGGVKMGCHF00116|(TID)116|(SI)NA|(MRG)2631600116|@;;;0;;172.25.0.100;TCP
L1;172.25.0.101;100;L1|SetCodeStatus|26N00001CGUMZYCB00117SKAKI64P2GJ8NYWOQ3UZVOCRQM3M4QIH5TP2I0IA69P4RAO55PNITZSMJE7CGXWFJ7LBXO77HNTGPJVQ4HZCASFYBQC8FPNRILFUBM962GGR81L5TSPGGVKMGCHF00117|(TID)117|(SI)NA|(MRG)2631600117|@;;;0;;172.25.0.100;TCP
L1;172.25.0.101;100;L1|SetCodeStatus|26N00001CGUMZYCB00118SKAKI64P2GJ8NYWOQ3UZVOCRQM3M4QIH5TP2I0IA69P4RAO55PNITZSMJE7CGXWFJ7LBXO77HNTGPJVQ4HZCASFYBQC8FPNRILFUBM962GGR81L5TSPGGVKMGCHF00118|(TID)118|(SI)NA|(MRG)2631600118|@;;;0;;172.25.0.100;UDP
L1;172.25.0.101;100;L1|SetCodeStatus|26N00001CGUMZYCB00119SKAKI64P2GJ8NYWOQ3UZVOCRQM3M4QIH5TP2I0IA69P4RAO55PNITZSMJE7CGXWFJ7LBXO77HNTGPJVQ4HZCASFYBQC8FPNRILFUBM962GGR81L5TSPGGVKMGCHF00119|(TID)119|(SI)NA|(MRG)2631600119|@;;;0;;172.25.0.100;TCP
L1;172.25.0.101;100;L1|SetCodeStatus|26N00001CGUMZYCB00120SKAKI64P2GJ8NYWOQ3UZVOCRQM3M4QIH5TP2I0IA69P4RAO55PNITZSMJE7CGXWFJ7LBXO77HNTGPJVQ4HZCASFYBQC8FPNRILFUBM962GGR81L5TSPGGVKMGCHF00120|(TID)120|(SI)NA|(MRG)2631600120|@;;;0;;172.25.0.100;TCP
L1;172.25.0.101;100;L1|SetCodeStatus|26N00001CGUMZYCB00121SKAKI64P2GJ8NYWOQ3UZVOCRQM3M4QIH5TP2I0IA69P4RAO55PNITZSMJE7CGXWFJ7LBXO77HNTGPJVQ4HZCASFYBQC8FPNRILFUBM962GGR81L5TSPGGVKMGCHF00121|(TID)121|(SI)NA|(MRG)2631600121|@;;;0;;172.25.0.100;TCP
L1;172.25.0.101;100;L1|SetCodeStatus|26N00001CGUMZYCB00122SKAKI64P2GJ8NYWOQ3UZVOCRQM3M4QIH5TP2I0IA69P4RAO55PNITZSMJE7CGXWFJ7LBXO77HNTGPJVQ4HZCASFYBQC8FPNRILFUBM962GGR81L5TSPGGVKMGCHF00122|(TID)122|(SI)NA|(MRG)2631600122|@;;;0;;172.25.0.100;UDP
L1;172.25.0.101;100;L1|SetCodeStatus|26N00001CGUMZYCB00123SKAKI64P2GJ8NYWOQ3UZVOCRQM3M4QIH5TP2I0IA69P4RAO55PNITZSMJE7CGXWFJ7LBXO77HNTGPJVQ4HZCASFYBQC8FPNRILFUBM962GGR81L5TSPGGVKMGCHF00123|(TID)123|(SI)NA|(MRG)2631600123|@;;;0;;172.25.0.100;TCP
L1;172.25.0.101;100;L1|SetCodeStatus|26N00001CGUMZYCB00124SKAKI64P2GJ8NYWOQ3UZVOCRQM3M4QIH5TP2I0IA69P4RAO55PNITZSMJE7CGXWFJ7LBXO77HNTGPJVQ4HZCASFYBQC8FPNRILFUBM962GGR81L5TSPGGVKMGCHF00124|(TID)124|(SI)NA|(MRG)2631600124|@;;;0;;172.25.0.100;TCP
L1;172.25.0.101;100;L1|SetCodeStatus|26N00001CGUMZYCB00125SKAKI64P2GJ8NYWOQ3UZVOCRQM3M4QIH5TP2I0IA69P4RAO55PNITZSMJE7CGXWFJ7LBXO77HNTGPJVQ4HZCASFYBQC8FPNRILFUBM962GGR81L5TSPGGVKMGCHF00125|(TID)125|(SI)NA|(MRG)2631600125|@;;;0;;172.25.0.100;UDP
L1;172.25.0.101;100;L1|SetCodeStatus|26N00001CGUMZYCB00126SKAKI64P2GJ8NYWOQ3UZVOCRQM3M4QIH5TP2I0IA69P4RAO55PNITZSMJE7CGXWFJ7LBXO77HNTGPJVQ4HZCASFYBQC8FPNRILFUBM962GGR81L5TSPGGVKMGCHF00126|(TID)126|(SI)NA|(MRG)2631600126|@;;;0;;172.25.0.100;TCP
L1;172.25.0.101;100;L1|SetCodeStatus|26N00001CGUMZYCB00127SKAKI64P2GJ8NYWOQ3UZVOCRQM3M4QIH5TP2I0IA69P4RAO55PNITZSMJE7CGXWFJ7LBXO77HNTGPJVQ4HZCASFYBQC8FPNRILFUBM962GGR81L5TSPGGVKMGCHF00127|(TID)127|(SI)NA|(MRG)2631600127|@;;;0;;172.25.0.100;UDP
L1;172.25.0.101;100;L1|SetCodeStatus|26N00001CGUMZYCB00128SKAKI64P2GJ8NYWOQ3UZVOCRQM3M4QIH5TP2I0IA69P4RAO55PNITZSMJE7CGXWFJ7LBXO77HNTGPJVQ4HZCASFYBQC8FPNRILFUBM962GGR81L5TSPGGVKMGCHF00128|(TID)128|(SI)NA|(MRG)2631600128|@;;;0;;172.25.0.100;TCP
MODBUS;172.25.0.101;100;L1|SetCodeStatus|26N00001CGUMZYCB00129SKAKI64P2GJ8NYWOQ3UZVOCRQM3M4QIH5TP2I0IA69P4RAO55PNITZSMJE7CGXWFJ7LBXO77HNTGPJVQ4HZCASFYBQC8FPNRILFUBM962GGR81L5TSPGGVKMGCHF00129|(TID)129|(SI)NA|(MRG)2631600129|@;;;0;;172.25.0.100;TCP
L1;172.25.0.101;100;L1|SetCodeStatus|26N00001CGUMZYCB00130SKAKI64P2GJ8NYWOQ3UZVOCRQM3M4QIH5TP2I0IA69P4RAO55PNITZSMJE7CGXWFJ7LBXO77HNTGPJVQ4HZCASFYBQC8FPNRILFUBM962GGR81L5TSPGGVKMGCHF00130|(TID)130|(SI)NA|(MRG)2631600130|@;;;0;;172.25.0.100;TCP
L1;172.25.0.101;100;L1|SetCodeStatus|26N00001CGUMZYCB00131SKAKI64P2GJ8NYWOQ3UZVOCRQM3M4QIH5TP2I0IA69P4RAO55PNITZSMJE7CGXWFJ7LBXO77HNTGPJVQ4HZCASFYBQC8FPNRILFUBM962GGR81L5TSPGGVKMGCHF00131|(TID)131|(SI)NA|(MRG)2631600131|@;;;0;;172.25.0.100;TCP
L1;172.25.0.101;100;L1|SetCodeStatus|26N00001CGUMZYCB00132SKAKI64P2GJ8NYWOQ3UZVOCRQM3M4QIH5TP2I0IA69P4RAO55PNITZSMJE7CGXWFJ7LBXO77HNTGPJVQ4HZCASFYBQC8FPNRILFUBM962GGR81L5TSPGGVKMGCHF00132|(TID)132|(SI)NA|(MRG)2631600132|@;;;0;;172.25.0.100;TCP
L1;172.25.0.101;100;L1|SetCodeStatus|26N00001CGUMZYCB00133SKAKI64P2GJ8NYWOQ3UZVOCRQM3M4QIH5TP2I0IA69P4RAO55PNITZSMJE7CGXWFJ7LBXO77HNTGPJVQ4HZCASFYBQC8FPNRILFUBM962GGR81L5TSPGGVKMGCHF00133|(TID)133|(SI)NA|(MRG)2631600133|@;;;0;;172.25.0.100;TCP
L1;172.25.0.101;100;L1|SetCodeStatus|26N00001CGUMZYCB00134SKAKI64P2GJ8NYWOQ3UZVOCRQM3M4QIH5TP2I0IA69P4RAO55PNITZSMJE7CGXWFJ7LBXO77HNTGPJVQ4HZCASFYBQC8FPNRILFUBM962GGR81L5TSPGGVKMGCHF00134|(TID)134|(SI)NA|(MRG)2631600134|@;;;0;;172.25.0.100;TCP
L1;172.25.0.101;100;L1|SetCodeStatus|26N00001CGUMZYCB00135SKAKI64P2GJ8NYWOQ3UZVOCRQM3M4QIH5TP2I0IA69P4RAO55PNITZSMJE7CGXWFJ7LBXO77HNTGPJVQ4HZCASFYBQC8FPNRILFUBM962GGR81L5TSPGGVKMGCHF00135|(TID)135|(SI)NA|(MRG)2631600135|@;;;0;;172.25.0.100;TCP
L1;172.25.0.101;100;L1|SetCodeStatus|26N00001CGUMZYCB00136SKAKI64P2GJ8NYWOQ3UZVOCRQM3M4QIH5TP2I0IA69P4RAO55PNITZSMJE7CGXWFJ7LBXO77HNTGPJVQ4HZCASFYBQC8FPNRILFUBM962GGR81L5TSPGGVKMGCHF00136|(TID)136|(SI)NA|(MRG)2631600136|@;;;0;;172.25.0.100;TCP
L1;172.25.0.101;100;L1|SetCodeStatus|26N00001CGUMZYCB00137SKAKI64P2GJ8NYWOQ3UZVOCRQM3M4QIH5TP2I0IA69P4RAO55PNITZSMJE7CGXWFJ7LBXO77HNTGPJVQ4HZCASFYBQC8FPNRILFUBM962GGR81L5TSPGGVKMGCHF00137|(TID)137|(SI)NA|(MRG)2631600137|@;;;0;;172.25.0.100;TCP
L1;172.25.0.101;100;L1|SetCodeStatus|26N00001CGUMZYCB00138SKAKI64P2GJ8NYWOQ3UZVOCRQM3M4QIH5TP2I0IA69P4RAO55PNITZSMJE7CGXWFJ7LBXO77HNTGPJVQ4HZCASFYBQC8FPNRILFUBM962GGR81L5TSPGGVKMGCHF00138|(TID)138|(SI)NA|(MRG)2631600138|@;;;0;;172.25.0.100;UDP
L1;172.25.0.101;100;L1|SetCodeStatus|26N00001CGUMZYCB00139SKAKI64P2GJ8NYWOQ3UZVOCRQM3M4QIH5TP2I0IA69P4RAO55PNITZSMJE7CGXWFJ7LBXO77HNTGPJVQ4HZCASFYBQC8FPNRILFUBM962GGR81L5TSPGGVKMGCHF00139|(TID)139|(SI)NA|(MRG)2631600139|@;;;0;;172.25.0.100;TCP
L1;172.25.0.101;100;L1|SetCodeStatus|26N00001CGUMZYCB00140SKAKI64P2GJ8NYWOQ3UZVOCRQM3M4QIH5TP2I0IA69P4RAO55PNITZSMJE7CGXWFJ7LBXO77HNTGPJVQ4HZCASFYBQC8FPNRILFUBM962GGR81L5TSPGGVKMGCHF00140|(TID)140|(SI)NA|(MRG)2631600140|@;;;0;;172.25.0.100;TCP
L1;172.25.0.101;100;L1|SetCodeStatus|26N00001CGUMZYCB00141SKAKI64P2GJ8NYWOQ3UZVOCRQM3M4QIH5TP2I0IA69P4RAO55PNITZSMJE7CGXWFJ7LBXO77HNTGPJVQ4HZCASFYBQC8FPNRILFUBM962GGR81L5TSPGGVKMGCHF00141|(TID)141|(SI)NA|(MRG)2631600141|@;;;0;;172.25.0.100;UDP
L1;172.25.0.101;100;L1|SetCodeStatus|26N00001CGUMZYCB00142SKAKI64P2GJ8NYWOQ3UZVOCRQM3M4QIH5TP2I0IA69P4RAO55PNITZSMJE7CGXWFJ7LBXO77HNTGPJVQ4HZCASFYBQC8FPNRILFUBM962GGR81L5TSPGGVKMGCHF00142|(TID)142|(SI)NA|(MRG)2631600142|@;;;0;;172.25.0.100;TCP
L1;172.25.0.101;100;L1|SetCodeStatus|26N00001CGUMZYCB00143SKAKI64P2GJ8NYWOQ3UZVOCRQM3M4QIH5TP2I0IA69P4RAO55PNITZSMJE7CGXWFJ7LBXO77HNTGPJVQ4HZCASFYBQC8FPNRILFUBM962GGR81L5TSPGGVKMGCHF00143|(TID)143|(SI)NA|(MRG)2631600143|@;;;0;;172.25.0.100;TCP
L1;172.25.0.101;100;L1|SetCodeStatus|26N00001CGUMZYCB00144SKAKI64P2GJ8NYWOQ3UZVOCRQM3M4QIH5TP2I0IA69P4RAO55PNITZSMJE7CGXWFJ7LBXO77HNTGPJVQ4HZCASFYBQC8FPNRILFUBM962GGR81L5TSPGGVKMGCHF00144|(TID)144|(SI)NA|(MRG)2631600144|@;;;0;;172.25.0.100;TCP
L1;172.25.0.101;100;L1|SetCodeStatus|26N00001CGUMZYCB00145SKAKI64P2GJ8NYWOQ3UZVOCRQM3M4QIH5TP2I0IA69P4RAO55PNITZSMJE7CGXWFJ7LBXO77HNTGPJVQ4HZCASFYBQC8FPNRILFUBM962GGR81L5TSPGGVKMGCHF00145|(TID)145|(SI)NA|(MRG)2631600145|@;;;0;;172.25.0.100;TCP
L1;172.25.0.101;100;L1|SetCodeStatus|26N00001CGUMZYCB00146SKAKI64P2GJ8NYWOQ3UZVOCRQM3M4QIH5TP2I0IA69P4RAO55PNITZSMJE7CGXWFJ7LBXO77HNTGPJVQ4HZCASFYBQC8FPNRILFUBM962GGR81L5TSPGGVKMGCHF00146|(TID)146|(SI)NA|(MRG)2631600146|@;;;0;;172.25.0.100;TCP
L1;172.25.0.101;100;L1|SetCodeStatus|26N00001CGUMZYCB00147SKAKI64P2GJ8NYWOQ3UZVOCRQM3M4QIH5TP2I0IA69P4RAO55PNITZSMJE7CGXWFJ7LBXO77HNTGPJVQ4HZCASFYBQC8FPNRILFUBM962GGR81L5TSPGGVKMGCHF00147|(TID)147|(SI)NA|(MRG)2631600147|@;;;0;;172.25.0.100;TCP
L1;172.25.0.101;100;L1|SetCodeStatus|26N00001CGUMZYCB00148SKAKI64P2GJ8NYWOQ3UZVOCRQM3M4QIH5TP2I0IA69P4RAO55PNITZSMJE7CGXWFJ7LBXO77HNTGPJVQ4HZCASFYBQC8FPNRILFUBM962GGR81L5TSPGGVKMGCHF00148|(TID)148|(SI)NA|(MRG)2631600148|@;;;0;;172.25.0.100;TCP
L1;172.25.0.101;100;L1|SetCodeStatus|26N00001CGUMZYCB00149SKAKI64P2GJ8NYWOQ3UZVOCRQM3M4QIH5TP2I0IA69P4RAO55PNITZSMJE7CGXWFJ7LBXO77HNTGPJVQ4HZCASFYBQC8FPNRILFUBM962GGR81L5TSPGGVKMGCHF00149|(TID)149|(SI)NA|(MRG)2631600149|@;;;0;;172.25.0.100;TCP
L1;172.25.0.101;100;L1|SetCodeStatus|26N00001CGUMZYCB00150SKAKI64P2GJ8NYWOQ3UZVOCRQM3M4QIH5TP2I0IA69P4RAO55PNITZSMJE7CGXWFJ7LBXO77HNTGPJVQ4HZCASFYBQC8FPNRILFUBM962GGR81L5TSPGGVKMGCHF00150|(TID)150|(SI)NA|(MRG)2631600150|@;;;0;;172.25.0.100;UDP
L1;172.25.0.101;100;L1|SetCodeStatus|26N00001CGUMZYCB00151SKAKI64P2GJ8NYWOQ3UZVOCRQM3M4QIH5TP2I0IA69P4RAO55PNITZSMJE7CGXWFJ7LBXO77HNTGPJVQ4HZCASFYBQC8FPNRILFUBM962GGR81L5TSPGGVKMGCHF00151|(TID)151|(SI)NA|(MRG)2631600151|@;;;0;;172.25.0.100;TCP
L1;172.25.0.101;100;L1|SetCodeStatus|26N00001CGUMZYCB00152SKAKI64P2GJ8NYWOQ3UZVOCRQM3M4QIH5TP2I0IA69P4RAO55PNITZSMJE7CGXWFJ7LBXO77HNTGPJVQ4HZCASFYBQC8FPNRILFUBM962GGR81L5TSPGGVKMGCHF00152|(TID)152|(SI)NA|(MRG)2631600152|@;;;0;;172.25.0.100;TCP
L1;172.25.0.101;100;L1|SetCodeStatus|26N00001CGUMZYCB00153SKAKI64P2GJ8NYWOQ3UZVOCRQM3M4QIH5TP2I0IA69P4RAO55PNITZSMJE7CGXWFJ7LBXO77HNTGPJVQ4HZCASFYBQC8FPNRILFUBM962GGR81L5TSPGGVKMGCHF00153|(TID)153|(SI)NA|(MRG)2631600153|@;;;0;;172.25.0.100;UDP
L1;172.25.0.101;100;L1|SetCodeStatus|26N00001CGUMZYCB00154SKAKI64P2GJ8NYWOQ3UZVOCRQM3M4QIH5TP2I0IA69P4RAO55PNITZSMJE7CGXWFJ7LBXO77HNTGPJVQ4HZCASFYBQC8FPNRILFUBM962GGR81L5TSPGGVKMGCHF00154|(TID)154|(SI)NA|(MRG)2631600154|@;;;0;;172.25.0.100;TCP
L1;172.25.0.101;100;L1|SetCodeStatus|26N00001CGUMZYCB00155SKAKI64P2GJ8NYWOQ3UZVOCRQM3M4QIH5TP2I0IA69P4RAO55PNITZSMJE7CGXWFJ7LBXO77HNTGPJVQ4HZCASFYBQC8FPNRILFUBM962GGR81L5TSPGGVKMGCHF00155|(TID)155|(SI)NA|(MRG)2631600155|@;;;0;;172.25.0.100;TCP
L1;172.25.0.101;100;L1|SetCodeStatus|26N00001CGUMZYCB00156SKAKI64P2GJ8NYWOQ3UZVOCRQM3M4QIH5TP2I0IA69P4RAO55PNITZSMJE7CGXWFJ7LBXO77HNTGPJVQ4HZCASFYBQC8FPNRILFUBM962GGR81L5TSPGGVKMGCHF00156|(TID)156|(SI)NA|(MRG)2631600156|@;;;0;;172.25.0.100;UDP
L1;172.25.0.101;100;L1|SetCodeStatus|26N00001CGUMZYCB00157SKAKI64P2GJ8NYWOQ3UZVOCRQM3M4QIH5TP2I0IA69P4RAO55PNITZSMJE7CGXWFJ7LBXO77HNTGPJVQ4HZCASFYBQC8FPNRILFUBM962GGR81L5TSPGGVKMGCHF00157|(TID)157|(SI)NA|(MRG)2631600157|@;;;0;;172.25.0.100;TCP
L1;172.25.0.101;100;L1|SetCodeStatus|26N00001CGUMZYCB00158SKAKI64P2GJ8NYWOQ3UZVOCRQM3M4QIH5TP2I0IA69P4RAO55PNITZSMJE7CGXWFJ7LBXO77HNTGPJVQ4HZCASFYBQC8FPNRILFUBM962GGR81L5TSPGGVKMGCHF00158|(TID)158|(SI)NA|(MRG)2631600158|@;;;0;;172.25.0.100;TCP
L1;172.25.0.101;100;L1|SetCodeStatus|26N00001CGUMZYCB00159SKAKI64P2GJ8NYWOQ3UZVOCRQM3M4QIH5TP2I0IA69P4RAO55PNITZSMJE7CGXWFJ7LBXO77HNTGPJVQ4HZCASFYBQC8FPNRILFUBM962GGR81L5TSPGGVKMGCHF00159|(TID)159|(SI)NA|(MRG)2631600159|@;;;0;;172.25.0.100;TCP
L1;172.25.0.101;100;L1|SetCodeStatus|26N00001CGUMZYCB00160SKAKI64P2GJ8NYWOQ3UZVOCRQM3M4QIH5TP2I0IA69P4RAO55PNITZSMJE7CGXWFJ7LBXO77HNTGPJVQ4HZCASFYBQC8FPNRILFUBM962GGR81L5TSPGGVKMGCHF00160|(TID)160|(SI)NA|(MRG)2631600160|@;;;0;;172.25.0.100;TCP
L1;172.25.0.101;100;L1|SetCodeStatus|26N00001CGUMZYCB00161SKAKI64P2GJ8NYWOQ3UZVOCRQM3M4QIH5TP2I0IA69P4RAO55PNITZSMJE7CGXWFJ7LBXO77HNTGPJVQ4HZCASFYBQC8FPNRILFUBM962GGR81L5TSPGGVKMGCHF00161|(TID)161|(SI)NA|(MRG)2631600161|@;;;0;;172.25.0.100;TCP
L1;172.25.0.101;100;L1|SetCodeStatus|26N00001CGUMZYCB00162SKAKI64P2GJ8NYWOQ3UZVOCRQM3M4QIH5TP2I0IA69P4RAO55PNITZSMJE7CGXWFJ7LBXO77HNTGPJVQ4HZCASFYBQC8FPNRILFUBM962GGR81L5TSPGGVKMGCHF00162|(TID)162|(SI)NA|(MRG)2631600162|@;;;0;;172.25.0.100;TCP
L1;172.25.0.101;100;L1|SetCodeStatus|26N00001CGUMZYCB00163SKAKI64P2GJ8NYWOQ3UZVOCRQM3M4QIH5TP2I0IA69P4RAO55PNITZSMJE7CGXWFJ7LBXO77HNTGPJVQ4HZCASFYBQC8FPNRILFUBM962GGR81L5TSPGGVKMGCHF00163|(TID)163|(SI)NA|(MRG)2631600163|@;;;0;;172.25.0.100;TCP
L1;172.25.0.101;100;L1|SetCodeStatus|26N00001CGUMZYCB00164SKAKI64P2GJ8NYWOQ3UZVOCRQM3M4QIH5TP2I0IA69P4RAO55PNITZSMJE7CGXWFJ7LBXO77HNTGPJVQ4HZCASFYBQC8FPNRILFUBM962GGR81L5TSPGGVKMGCHF00164|(TID)164|(SI)NA|(MRG)2631600164|@;;;0;;172.25.0.100;TCP
L1;172.25.0.101;100;L1|SetCodeStatus|26N00001CGUMZYCB00165SKAKI64P2GJ8NYWOQ3UZVOCRQM3M4QIH5TP2I0IA69P4RAO55PNITZSMJE7CGXWFJ7LBXO77HNTGPJVQ4HZCASFYBQC8FPNRILFUBM962GGR81L5TSPGGVKMGCHF00165|(TID)165|(SI)NA|(MRG)2631600165|@;;;0;;172.25.0.100;TCP
L1;172.25.0.101;100;L1|SetCodeStatus|26N00001CGUMZYCB00166SKAKI64P2GJ8NYWOQ3UZVOCRQM3M4QIH5TP2I0IA69P4RAO55PNITZSMJE7CGXWFJ7LBXO77HNTGPJVQ4HZCASFYBQC8FPNRILFUBM962GGR81L5TSPGGVKMGCHF00166|(TID)166|(SI)NA|(MRG)2631600166|@;;;0;;172.25.0.100;TCP
L1;172.25.0.101;100;L1|SetCodeStatus|26N00001CGUMZYCB00167SKAKI64P2GJ8NYWOQ3UZVOCRQM3M4QIH5TP2I0IA69P4RAO55PNITZSMJE7CGXWFJ7LBXO77HNTGPJVQ4HZCASFYBQC8FPNRILFUBM962GGR81L5TSPGGVKMGCHF00167|(TID)167|(SI)NA|(MRG)2631600167|@;;;0;;172.25.0.100;TCP
L1;172.25.0.101;100;L1|SetCodeStatus|26N00001CGUMZYCB00168SKAKI64P2GJ8NYWOQ3UZVOCRQM3M4QIH5TP2I0IA69P4RAO55PNITZSMJE7CGXWFJ7LBXO77HNTGPJVQ4HZCASFYBQC8FPNRILFUBM962GGR81L5TSPGGVKMGCHF00168|(TID)168|(SI)NA|(MRG)2631600168|@;;;0;;172.25.0.100;UDP
L1;172.25.0.101;100;L1|SetCodeStatus|26N00001CGUMZYCB00169SKAKI64P2GJ8NYWOQ3UZVOCRQM3M4QIH5TP2I0IA69P4RAO55PNITZSMJE7CGXWFJ7LBXO77HNTGPJVQ4HZCASFYBQC8FPNRILFUBM962GGR81L5TSPGGVKMGCHF00169|(TID)169|(SI)NA|(MRG)2631600169|@;;;0;;172.25.0.100;TCP
L1;172.25.0.101;100;L1|SetCodeStatus|26N00001CGUMZYCB00170SKAKI64P2GJ8NYWOQ3UZVOCRQM3M4QIH5TP2I0IA69P4RAO55PNITZSMJE7CGXWFJ7LBXO77HNTGPJVQ4HZCASFYBQC8FPNRILFUBM962GGR81L5TSPGGVKMGCHF00170|(TID)170|(SI)NA|(MRG)2631600170|@;;;0;;172.25.0.100;TCP
L1;172.25.0.101;100;L1|SetCodeStatus|26N00001CGUMZYCB00171SKAKI64P2GJ8NYWOQ3UZVOCRQM3M4QIH5TP2I0IA69P4RAO55PNITZSMJE7CGXWFJ7LBXO77HNTGPJVQ4HZCASFYBQC8FPNRILFUBM962GGR81L5TSPGGVKMGCHF00171|(TID)171|(SI)NA|(MRG)2631600171|@;;;0;;172.25.0.100;UDP
L1;172.25.0.101;100;L1|SetCodeStatus|26N00001CGUMZYCB00172SKAKI64P2GJ8NYWOQ3UZVOCRQM3M4QIH5TP2I0IA69P4RAO55PNITZSMJE7CGXWFJ7LBXO77HNTGPJVQ4HZCASFYBQC8FPNRILFUBM962GGR81L5TSPGGVKMGCHF00172|(TID)172|(SI)NA|(MRG)2631600172|@;;;0;;172.25.0.100;TCP
L1;172.25.0.101;100;L1|SetCodeStatus|26N00001CGUMZYCB00173SKAKI64P2GJ8NYWOQ3UZVOCRQM3M4QIH5TP2I0IA69P4RAO55PNITZSMJE7CGXWFJ7LBXO77HNTGPJVQ4HZCASFYBQC8FPNRILFUBM962GGR81L5TSPGGVKMGCHF00173|(TID)173|(SI)NA|(MRG)2631600173|@;;;0;;172.25.0.100;TCP
L1;172.25.0.101;100;L1|SetCodeStatus|26N00001CGUMZYCB00174SKAKI64P2GJ8NYWOQ3UZVOCRQM3M4QIH5TP2I0IA69P4RAO55PNITZSMJE7CGXWFJ7LBXO77HNTGPJVQ4HZCASFYBQC8FPNRILFUBM962GGR81L5TSPGGVKMGCHF00174|(TID)174|(SI)NA|(MRG)2631600174|@;;;0;;172.25.0.100;TCP
L1;172.25.0.101;100;L1|SetCodeStatus|26N00001CGUMZYCB00175SKAKI64P2GJ8NYWOQ3UZVOCRQM3M4QIH5TP2I0IA69P4RAO55PNITZSMJE7CGXWFJ7LBXO77HNTGPJVQ4HZCASFYBQC8FPNRILFUBM962GGR81L5TSPGGVKMGCHF00175|(TID)175|(SI)NA|(MRG)2631600175|@;;;0;;172.25.0.100;UDP
L1;172.25.0.101;100;L1|SetCodeStatus|26N00001CGUMZYCB00176SKAKI64P2GJ8NYWOQ3UZVOCRQM3M4QIH5TP2I0IA69P4RAO55PNITZSMJE7CGXWFJ7LBXO77HNTGPJVQ4HZCASFYBQC8FPNRILFUBM962GGR81L5TSPGGVKMGCHF00176|(TID)176|(SI)NA|(MRG)2631600176|@;;;0;;172.25.0.100;TCP
L1;172.25.0.101;100;L1|SetCodeStatus|26N00001CGUMZYCB00177SKAKI64P2GJ8NYWOQ3UZVOCRQM3M4QIH5TP2I0IA69P4RAO55PNITZSMJE7CGXWFJ7LBXO77HNTGPJVQ4HZCASFYBQC8FPNRILFUBM962GGR81L5TSPGGVKMGCHF00177|(TID)177|(SI)NA|(MRG)2631600177|@;;;0;;172.25.0.100;TCP
L1;172.25.0.101;100;L1|SetCodeStatus|26N00001CGUMZYCB00178SKAKI64P2GJ8NYWOQ3UZVOCRQM3M4QIH5TP2I0IA69P4RAO55PNITZSMJE7CGXWFJ7LBXO77HNTGPJVQ4HZCASFYBQC8FPNRILFUBM962GGR81L5TSPGGVKMGCHF00178|(TID)178|(SI)NA|(MRG)2631600178|@;;;0;;172.25.0.100;TCP
L1;172.25.0.101;100;L1|SetCodeStatus|26N00001CGUMZYCB00179SKAKI64P2GJ8NYWOQ3UZVOCRQM3M4QIH5TP2I0IA69P4RAO55PNITZSMJE7CGXWFJ7LBXO77HNTGPJVQ4HZCASFYBQC8FPNRILFUBM962GGR81L5TSPGGVKMGCHF00179|(TID)179|(SI)NA|(MRG)2631600179|@;;;0;;172.25.0.100;UDP
L1;172.25.0.101;100;L1|SetCodeStatus|26N00001CGUMZYCB00180SKAKI64P2GJ8NYWOQ3UZVOCRQM3M4QIH5TP2I0IA69P4RAO55PNITZSMJE7CGXWFJ7LBXO77HNTGPJVQ4HZCASFYBQC8FPNRILFUBM962GGR81L5TSPGGVKMGCHF00180|(TID)180|(SI)NA|(MRG)2631600180|@;;;0;;172.25.0.100;TCP
L1;172.25.0.101;100;L1|SetCodeStatus|26N00001CGUMZYCB00181SKAKI64P2GJ8NYWOQ3UZVOCRQM3M4QIH5TP2I0IA69P4RAO55PNITZSMJE7CGXWFJ7LBXO77HNTGPJVQ4HZCASFYBQC8FPNRILFUBM962GGR81L5TSPGGVKMGCHF00181|(TID)181|(SI)NA|(MRG)2631600181|@;;;0;;172.25.0.100;TCP
L1;172.25.0.101;100;L1|SetCodeStatus|26N00001CGUMZYCB00182SKAKI64P2GJ8NYWOQ3UZVOCRQM3M4QIH5TP2I0IA69P4RAO55PNITZSMJE7CGXWFJ7LBXO77HNTGPJVQ4HZCASFYBQC8FPNRILFUBM962GGR81L5TSPGGVKMGCHF00182|(TID)182|(SI)NA|(MRG)2631600182|@;;;0;;172.25.0.100;UDP
L1;172.25.0.101;100;L1|SetCodeStatus|26N00001CGUMZYCB00183SKAKI64P2GJ8NYWOQ3UZVOCRQM3M4QIH5TP2I0IA69P4RAO55PNITZSMJE7CGXWFJ7LBXO77HNTGPJVQ4HZCASFYBQC8FPNRILFUBM962GGR81L5TSPGGVKMGCHF00183|(TID)183|(SI)NA|(MRG)2631600183|@;;;0;;172.25.0.100;TCP
L1;172.25.0.101;100;L1|SetCodeStatus|26N00001CGUMZYCB00184SKAKI64P2GJ8NYWOQ3UZVOCRQM3M4QIH5TP2I0IA69P4RAO55PNITZSMJE7CGXWFJ7LBXO77HNTGPJVQ4HZCASFYBQC8FPNRILFUBM962GGR81L5TSPGGVKMGCHF00184|(TID)184|(SI)NA|(MRG)2631600184|@;;;0;;172.25.0.100;UDP
L1;172.25.0.101;100;L1|SetCodeStatus|26N00001CGUMZYCB00185SKAKI64P2GJ8NYWOQ3UZVOCRQM3M4QIH5TP2I0IA69P4RAO55PNITZSMJE7CGXWFJ7LBXO77HNTGPJVQ4HZCASFYBQC8FPNRILFUBM962GGR81L5TSPGGVKMGCHF00185|(TID)185|(SI)NA|(MRG)2631600185|@;;;0;;172.25.0.100;TCP
L1;172.25.0.101;100;L1|SetCodeStatus|26N00001CGUMZYCB00186SKAKI64P2GJ8NYWOQ3UZVOCRQM3M4QIH5TP2I0IA69P4RAO55PNITZSMJE7CGXWFJ7LBXO77HNTGPJVQ4HZCASFYBQC8FPNRILFUBM962GGR81L5TSPGGVKMGCHF00186|(TID)186|(SI)NA|(MRG)2631600186|@;;;0;;172.25.0.100;TCP
L1;172.25.0.101;100;L1|SetCodeStatus|26N00001CGUMZYCB00187SKAKI64P2GJ8NYWOQ3UZVOCRQM3M4QIH5TP2I0IA69P4RAO55PNITZSMJE7CGXWFJ7LBXO77HNTGPJVQ4HZCASFYBQC8FPNRILFUBM962GGR81L5TSPGGVKMGCHF00187|(TID)187|(SI)NA|(MRG)2631600187|@;;;0;;172.25.0.100;TCP
L1;172.25.0.101;100;L1|SetCodeStatus|26N00001CGUMZYCB00188SKAKI64P2GJ8NYWOQ3UZVOCRQM3M4QIH5TP2I0IA69P4RAO55PNITZSMJE7CGXWFJ7LBXO77HNTGPJVQ4HZCASFYBQC8FPNRILFUBM962GGR81L5TSPGGVKMGCHF00188|(TID)188|(SI)NA|(MRG)2631600188|@;;;0;;172.25.0.100;TCP
MODBUS;172.25.0.101;100;L1|SetCodeStatus|26N00001CGUMZYCB00189SKAKI64P2GJ8NYWOQ3UZVOCRQM3M4QIH5TP2I0IA69P4RAO55PNITZSMJE7CGXWFJ7LBXO77HNTGPJVQ4HZCASFYBQC8FPNRILFUBM962GGR81L5TSPGGVKMGCHF00189|(TID)189|(SI)NA|(MRG)2631600189|@;;;0;;172.25.0.100;TCP
L1;172.25.0.101;100;L1|SetCodeStatus|26N00001CGUMZYCB00190SKAKI64P2GJ8NYWOQ3UZVOCRQM3M4QIH5TP2I0IA69P4RAO55PNITZSMJE7CGXWFJ7LBXO77HNTGPJVQ4HZCASFYBQC8FPNRILFUBM962GGR81L5TSPGGVKMGCHF00190|(TID)190|(SI)NA|(MRG)2631600190|@;;;0;;172.25.0.100;TCP
L1;172.25.0.101;100;L1|SetCodeStatus|26N00001CGUMZYCB00191SKAKI64P2GJ8NYWOQ3UZVOCRQM3M4QIH5TP2I0IA69P4RAO55PNITZSMJE7CGXWFJ7LBXO77HNTGPJVQ4HZCASFYBQC8FPNRILFUBM962GGR81L5TSPGGVKMGCHF00191|(TID)191|(SI)NA|(MRG)2631600191|@;;;0;;172.25.0.100;TCP
L1;172.25.0.101;100;L1|SetCodeStatus|26N00001CGUMZYCB00192SKAKI64P2GJ8NYWOQ3UZVOCRQM3M4QIH5TP2I0IA69P4RAO55PNITZSMJE7CGXWFJ7LBXO77HNTGPJVQ4HZCASFYBQC8FPNRILFUBM962GGR81L5TSPGGVKMGCHF00192|(TID)192|(SI)NA|(MRG)2631600192|@;;;0;;172.25.0.100;UDP
L1;172.25.0.101;100;L1|SetCodeStatus|26N00001CGUMZYCB00193SKAKI64P2GJ8NYWOQ3UZVOCRQM3M4QIH5TP2I0IA69P4RAO55PNITZSMJE7CGXWFJ7LBXO77HNTGPJVQ4HZCASFYBQC8FPNRILFUBM962GGR81L5TSPGGVKMGCHF00193|(TID)193|(SI)NA|(MRG)2631600193|@;;;0;;172.25.0.100;TCP
L1;172.25.0.101;100;L1|SetCodeStatus|26N00001CGUMZYCB00194SKAKI64P2GJ8NYWOQ3UZVOCRQM3M4QIH5TP2I0IA69P4RAO55PNITZSMJE7CGXWFJ7LBXO77HNTGPJVQ4HZCASFYBQC8FPNRILFUBM962GGR81L5TSPGGVKMGCHF00194|(TID)194|(SI)NA|(MRG)2631600194|@;;;0;;172.25.0.100;TCP
L1;172.25.0.101;100;L1|SetCodeStatus|26N00001CGUMZYCB00195SKAKI64P2GJ8NYWOQ3UZVOCRQM3M4QIH5TP2I0IA69P4RAO55PNITZSMJE7CGXWFJ7LBXO77HNTGPJVQ4HZCASFYBQC8FPNRILFUBM962GGR81L5TSPGGVKMGCHF00195|(TID)195|(SI)NA|(MRG)2631600195|@;;;0;;172.25.0.100;UDP
L1;172.25.0.101;100;L1|SetCodeStatus|26N00001CGUMZYCB00196SKAKI64P2GJ8NYWOQ3UZVOCRQM3M4QIH5TP2I0IA69P4RAO55PNITZSMJE7CGXWFJ7LBXO77HNTGPJVQ4HZCASFYBQC8FPNRILFUBM962GGR81L5TSPGGVKMGCHF00196|(TID)196|(SI)NA|(MRG)2631600196|@;;;0;;172.25.0.100;TCP
L1;172.25.0.101;100;L1|SetCodeStatus|26N00001CGUMZYCB00197SKAKI64P2GJ8NYWOQ3UZVOCRQM3M4QIH5TP2I0IA69P4RAO55PNITZSMJE7CGXWFJ7LBXO77HNTGPJVQ4HZCASFYBQC8FPNRILFUBM962GGR81L5TSPGGVKMGCHF00197|(TID)197|(SI)NA|(MRG)2631600197|@;;;0;;172.25.0.100;TCP
L1;172.25.0.101;100;L1|SetCodeStatus|26N00001CGUMZYCB00198SKAKI64P2GJ8NYWOQ3UZVOCRQM3M4QIH5TP2I0IA69P4RAO55PNITZSMJE7CGXWFJ7LBXO77HNTGPJVQ4HZCASFYBQC8FPNRILFUBM962GGR81L5TSPGGVKMGCHF00198|(TID)198|(SI)NA|(MRG)2631600198|@;;;0;;172.25.0.100;UDP
L1;172.25.0.101;100;L1|SetCodeStatus|26N00001CGUMZYCB00199SKAKI64P2GJ8NYWOQ3UZVOCRQM3M4QIH5TP2I0IA69P4RAO55PNITZSMJE7CGXWFJ7LBXO77HNTGPJVQ4HZCASFYBQC8FPNRILFUBM962GGR81L5TSPGGVKMGCHF00199|(TID)199|(SI)NA|(MRG)2631600199|@;;;0;;172.25.0.100;TCP
L1;172.25.0.101;100;L1|SetCodeStatus|26N00001CGUMZYCB00200SKAKI64P2GJ8NYWOQ3UZVOCRQM3M4QIH5TP2I0IA69P4RAO55PNITZSMJE7CGXWFJ7LBXO77HNTGPJVQ4HZCASFYBQC8FPNRILFUBM962GGR81L5TSPGGVKMGCHF00200|(TID)200|(SI)NA|(MRG)2631600200|@;;;0;;172.25.0.100;TCP
